{
    "Day": 2564.0,
    "Goldman Sachs Japonia (K)": 288.9850552311913,
    "Goldman Sachs JaponiaDruga pochodna": 0.12458384737023404,
    "Goldman Sachs JaponiaKrocz\u0105ca \u015arednia [10d]": 287.8161577012261,
    "Goldman Sachs JaponiaKrocz\u0105ca \u015arednia [120d]": 276.05948760557817,
    "Goldman Sachs JaponiaKrocz\u0105ca \u015arednia [2d]": 289.2097103537965,
    "Goldman Sachs JaponiaKrocz\u0105ca \u015arednia [30d]": 285.84611351628376,
    "Goldman Sachs JaponiaKrocz\u0105ca \u015arednia [360d]": 259.0740907348759,
    "Goldman Sachs JaponiaKrocz\u0105ca \u015arednia [5d]": 288.1969948173868,
    "Goldman Sachs JaponiaKrocz\u0105ca \u015arednia [60d]": 282.4542209108664,
    "Goldman Sachs JaponiaPierwsza pochodna": 0.27342616930851926,
    "Goldman Sachs JaponiaSuma": 508956.93065944,
    "Goldman Sachs Konserwatywny (A)": 289.3989206111519,
    "Goldman Sachs KonserwatywnyDruga pochodna": 0.004625441030854601,
    "Goldman Sachs KonserwatywnyKrocz\u0105ca \u015arednia [10d]": 289.18688592901583,
    "Goldman Sachs KonserwatywnyKrocz\u0105ca \u015arednia [120d]": 286.6050596664368,
    "Goldman Sachs KonserwatywnyKrocz\u0105ca \u015arednia [2d]": 289.5696822461062,
    "Goldman Sachs KonserwatywnyKrocz\u0105ca \u015arednia [30d]": 288.6014043400124,
    "Goldman Sachs KonserwatywnyKrocz\u0105ca \u015arednia [360d]": 281.938615580006,
    "Goldman Sachs KonserwatywnyKrocz\u0105ca \u015arednia [5d]": 289.20646455609415,
    "Goldman Sachs KonserwatywnyKrocz\u0105ca \u015arednia [60d]": 287.9882016190757,
    "Goldman Sachs KonserwatywnyPierwsza pochodna": 0.05302690329194745,
    "Goldman Sachs KonserwatywnySuma": 682391.4308602912,
    "Goldman Sachs Stabilny Globalnej Dywersyfikacji (A)": 131.15891342355675,
    "Goldman Sachs Stabilny Globalnej DywersyfikacjiDruga pochodna": 0.01152943092681329,
    "Goldman Sachs Stabilny Globalnej DywersyfikacjiKrocz\u0105ca \u015arednia [10d]": 130.9897016028637,
    "Goldman Sachs Stabilny Globalnej DywersyfikacjiKrocz\u0105ca \u015arednia [120d]": 129.64388082110156,
    "Goldman Sachs Stabilny Globalnej DywersyfikacjiKrocz\u0105ca \u015arednia [2d]": 131.1086561396002,
    "Goldman Sachs Stabilny Globalnej DywersyfikacjiKrocz\u0105ca \u015arednia [30d]": 130.6941732324056,
    "Goldman Sachs Stabilny Globalnej DywersyfikacjiKrocz\u0105ca \u015arednia [360d]": 128.12480316022052,
    "Goldman Sachs Stabilny Globalnej DywersyfikacjiKrocz\u0105ca \u015arednia [5d]": 131.12566407641975,
    "Goldman Sachs Stabilny Globalnej DywersyfikacjiKrocz\u0105ca \u015arednia [60d]": 130.33164256659734,
    "Goldman Sachs Stabilny Globalnej DywersyfikacjiPierwsza pochodna": 0.010309772875941679,
    "Goldman Sachs Stabilny Globalnej DywersyfikacjiSuma": 304471.98243990313,
    "Goldman Sachs Zr\u00f3wnowa\u00bfony (A)": 386.26714687709307,
    "Goldman Sachs Zr\u00f3wnowa\u00bfonyDruga pochodna": 0.12160382107002343,
    "Goldman Sachs Zr\u00f3wnowa\u00bfonyKrocz\u0105ca \u015arednia [10d]": 385.7545775676084,
    "Goldman Sachs Zr\u00f3wnowa\u00bfonyKrocz\u0105ca \u015arednia [120d]": 378.4744347327101,
    "Goldman Sachs Zr\u00f3wnowa\u00bfonyKrocz\u0105ca \u015arednia [2d]": 385.9860552500905,
    "Goldman Sachs Zr\u00f3wnowa\u00bfonyKrocz\u0105ca \u015arednia [30d]": 383.9459624732373,
    "Goldman Sachs Zr\u00f3wnowa\u00bfonyKrocz\u0105ca \u015arednia [360d]": 368.8671849122378,
    "Goldman Sachs Zr\u00f3wnowa\u00bfonyKrocz\u0105ca \u015arednia [5d]": 386.20942931837044,
    "Goldman Sachs Zr\u00f3wnowa\u00bfonyKrocz\u0105ca \u015arednia [60d]": 382.161027475343,
    "Goldman Sachs Zr\u00f3wnowa\u00bfonyPierwsza pochodna": 0.237260625252883,
    "Goldman Sachs Zr\u00f3wnowa\u00bfonySuma": 822450.6593673046
}