{
    "Goldman Sachs Japonia (K)": 288.9850552311914,
    "Goldman Sachs Japonia Druga pochodna": 0.12458384737023415,
    "Goldman Sachs Japonia Krocz\u0105ca \u015arednia [10d]": 287.81615770122613,
    "Goldman Sachs Japonia Krocz\u0105ca \u015arednia [120d]": 276.05948760557817,
    "Goldman Sachs Japonia Krocz\u0105ca \u015arednia [2d]": 289.2097103537965,
    "Goldman Sachs Japonia Krocz\u0105ca \u015arednia [30d]": 285.84611351628376,
    "Goldman Sachs Japonia Krocz\u0105ca \u015arednia [360d]": 259.0740907348759,
    "Goldman Sachs Japonia Krocz\u0105ca \u015arednia [5d]": 288.1969948173868,
    "Goldman Sachs Japonia Krocz\u0105ca \u015arednia [60d]": 282.45422091086635,
    "Goldman Sachs Japonia Pierwsza pochodna": 0.2734261693085194,
    "Goldman Sachs Japonia Suma": 508956.93065944,
    "Goldman Sachs Konserwatywny (A)": 289.3989206111519,
    "Goldman Sachs Konserwatywny Druga pochodna": 0.004625441030854597,
    "Goldman Sachs Konserwatywny Krocz\u0105ca \u015arednia [10d]": 289.18688592901583,
    "Goldman Sachs Konserwatywny Krocz\u0105ca \u015arednia [120d]": 286.6050596664367,
    "Goldman Sachs Konserwatywny Krocz\u0105ca \u015arednia [2d]": 289.56968224610614,
    "Goldman Sachs Konserwatywny Krocz\u0105ca \u015arednia [30d]": 288.6014043400124,
    "Goldman Sachs Konserwatywny Krocz\u0105ca \u015arednia [360d]": 281.93861558000594,
    "Goldman Sachs Konserwatywny Krocz\u0105ca \u015arednia [5d]": 289.20646455609415,
    "Goldman Sachs Konserwatywny Krocz\u0105ca \u015arednia [60d]": 287.9882016190757,
    "Goldman Sachs Konserwatywny Pierwsza pochodna": 0.05302690329194744,
    "Goldman Sachs Konserwatywny Suma": 682391.4308602912,
    "Goldman Sachs Stabilny Globalnej Dywersyfikacji (A)": 131.15891342355675,
    "Goldman Sachs Stabilny Globalnej Dywersyfikacji Druga pochodna": 0.01152943092681329,
    "Goldman Sachs Stabilny Globalnej Dywersyfikacji Krocz\u0105ca \u015arednia [10d]": 130.98970160286368,
    "Goldman Sachs Stabilny Globalnej Dywersyfikacji Krocz\u0105ca \u015arednia [120d]": 129.64388082110156,
    "Goldman Sachs Stabilny Globalnej Dywersyfikacji Krocz\u0105ca \u015arednia [2d]": 131.1086561396002,
    "Goldman Sachs Stabilny Globalnej Dywersyfikacji Krocz\u0105ca \u015arednia [30d]": 130.6941732324056,
    "Goldman Sachs Stabilny Globalnej Dywersyfikacji Krocz\u0105ca \u015arednia [360d]": 128.12480316022052,
    "Goldman Sachs Stabilny Globalnej Dywersyfikacji Krocz\u0105ca \u015arednia [5d]": 131.12566407641978,
    "Goldman Sachs Stabilny Globalnej Dywersyfikacji Krocz\u0105ca \u015arednia [60d]": 130.33164256659734,
    "Goldman Sachs Stabilny Globalnej Dywersyfikacji Pierwsza pochodna": 0.010309772875941689,
    "Goldman Sachs Stabilny Globalnej Dywersyfikacji Suma": 304471.9824399031,
    "Goldman Sachs Zr\u00f3wnowa\u017cony (A)": 386.267146877093,
    "Goldman Sachs Zr\u00f3wnowa\u017cony Druga pochodna": 0.12160382107002338,
    "Goldman Sachs Zr\u00f3wnowa\u017cony Krocz\u0105ca \u015arednia [10d]": 385.75457756760846,
    "Goldman Sachs Zr\u00f3wnowa\u017cony Krocz\u0105ca \u015arednia [120d]": 378.47443473271017,
    "Goldman Sachs Zr\u00f3wnowa\u017cony Krocz\u0105ca \u015arednia [2d]": 385.9860552500905,
    "Goldman Sachs Zr\u00f3wnowa\u017cony Krocz\u0105ca \u015arednia [30d]": 383.9459624732373,
    "Goldman Sachs Zr\u00f3wnowa\u017cony Krocz\u0105ca \u015arednia [360d]": 368.8671849122378,
    "Goldman Sachs Zr\u00f3wnowa\u017cony Krocz\u0105ca \u015arednia [5d]": 386.2094293183705,
    "Goldman Sachs Zr\u00f3wnowa\u017cony Krocz\u0105ca \u015arednia [60d]": 382.161027475343,
    "Goldman Sachs Zr\u00f3wnowa\u017cony Pierwsza pochodna": 0.23726062525288286,
    "Goldman Sachs Zr\u00f3wnowa\u017cony Suma": 822450.6593673041
}